Date,AAPL,MSFT,GOOGL,AMZN,JPM,JNJ,XOM,WMT,SPY
2019-01-01,100.52070172147974,99.9193850270228,100.66420425983063,101.50027069402125,99.82889241403137,99.82890790082647,101.55416936821504,100.77816978227791,99.6071620378971
2019-01-02,101.08789683662911,99.53255987342861,100.27230496856514,101.78347816856864,98.08935466851062,98.26411044623494,101.06655161605909,99.86820912637093,99.95333511291612
2019-01-03,100.27439548426773,98.26223870254816,101.72149259436966,101.61736221272095,98.20105190226609,96.99857166349739,100.59829341902638,100.02293683132204,98.92159445747988
2019-01-04,100.68133154005983,97.75499602514019,101.49224251569426,101.09177982989172,99.98491362286047,97.0347067923497,99.64768993956807,100.85379026190463,97.83590857632423
2019-01-07,100.93068267887327,96.00950199169641,100.2765820498882,101.3306547734524,100.73538861233537,97.2405683786837,99.58863892805407,100.61754885646073,96.5268254243689
2019-01-08,100.29662874524918,95.64032477504911,101.3339050610431,101.71104153992474,99.12067037341673,97.58758673228884,99.27655153643788,100.02602205510999,97.13490165573944
2019-01-09,101.32914832596578,96.53390640852291,100.583798355279,101.46501756656204,99.48114669471502,98.54056937475804,98.8774925240739,99.90063682470303,96.17282834657074
2019-01-10,100.240372064067,97.32656326990504,101.93205442605466,101.44671171335622,100.47918989415004,98.9273234962015,98.32573818660387,100.29250112792647,97.6295239988374
2019-01-11,100.25655976027087,98.82557708262077,99.4895082418191,102.28877100031575,100.61216328978497,98.69754971578631,98.4602470775021,98.47573442476393,97.47580988040067
2019-01-14,100.64574688257773,100.26545658488202,99.05299406984528,101.56107636294924,100.18635476587339,99.60475033023485,98.8159757685987,98.03302418700112,97.99869524955966
2019-01-15,100.78849289222597,101.237988771711,98.44728451811793,101.29775395649065,99.86576413919099,98.28593565006794,99.14241614699571,98.32429457439903,98.05244439571294
2019-01-16,100.61562374764176,99.9430049614,98.10580093189378,101.02074492236721,99.16113150246346,98.18534170418425,99.57143089945352,100.14247533781612,98.26344515039487
2019-01-17,100.91122537933248,99.92267384684385,96.39128701652051,101.04594945129533,99.26720354047643,100.5477143594333,99.44031797146131,100.47845032966916,98.2803483692759
2019-01-18,99.85291010726338,101.05806836192961,97.12714692413866,101.85496684649624,98.46708562204266,101.94032008977587,98.18087073617376,101.08771024294074,100.3859194061889
2019-01-21,98.97215181084526,100.56902174795948,97.26726803605416,101.42225151334246,97.08335545268712,102.0574004086805,97.24889021676469,101.59187749852605,99.56734108436984
2019-01-22,100.4825438360017,99.87737938041028,97.02021266715045,102.25600534452515,96.00875348850688,102.32813897848708,98.50673375510517,100.11047209944526,99.79108353965118
2019-01-23,100.77997556795457,100.66828040879247,95.94079180992749,101.0385758446104,96.53168087628882,102.66702040991802,98.78955136948372,100.48896546476051,99.20150706846779
2019-01-24,101.05190260040582,100.99793122415134,95.34303310062415,102.88710251285136,97.01334573718341,101.56857436702657,99.45404640038879,99.61751962830327,99.99202740247568
2019-01-25,102.215361139368,100.26787100647334,96.26302720192614,103.34084586740684,97.81875155346368,103.45711602181235,99.27333373204755,98.96001817069823,99.20469437689341
2019-01-28,101.48117248879048,100.24495813748406,96.62213876485052,103.66320082696738,98.63561855800185,103.52157501370216,100.6965560003309,98.7622196768073,101.8385298390406
2019-01-29,102.13396044319525,99.48604612961074,95.6971877336793,104.18895506237958,98.47679281805058,104.27448651461208,101.19843312526959,98.74363748248986,101.07745151245844
2019-01-30,100.73278608027209,99.11672784430623,96.52298048438512,104.45215523789186,97.37308029947583,104.49749728234583,101.61835525553326,97.97137100565763,101.2750046839957
2019-01-31,100.83861314037563,98.10105987659976,96.89829201782304,105.05962410883501,98.42390010330972,105.59601302329375,100.35425027702965,97.15558763588167,101.81997074697784
2019-02-01,101.38003416657546,98.62895835169093,100.5411185066512,105.68071711621184,99.53543869229186,106.60549779277464,101.02434199458503,96.91503582905979,102.60409520400398
2019-02-04,100.69273560906353,98.4577171241979,100.13112016408672,105.81540183426222,101.78728719859984,104.79343081200577,101.73242141897572,95.4971059429011,102.19865418466827
2019-02-05,101.78505380656362,98.5668085179871,99.16615710119856,105.15517318504087,102.4942614618525,104.12475742726804,101.99169499472146,95.58601819548555,101.62214405421584
2019-02-06,103.920027978718,99.20858462055055,97.33522993712272,105.3932852481667,101.90627486243417,105.01933843369193,101.28139897732207,95.5301972150344,102.15927816355452
2019-02-07,104.82604471020326,98.13880107262843,97.07659047670735,104.97383361127089,101.32975868549153,106.83936911756469,101.72056436323192,94.44599269236174,103.10069439216656
2019-02-08,107.00277304716315,99.1504797704926,95.74070644949292,104.54687479840162,102.60137365600914,106.1804107289826,102.19913236440765,95.1874179832606,102.25272617775609
2019-02-11,106.99608967587595,96.20791167533638,94.86587096704949,104.34982837210893,101.44947368031958,107.88485191125375,100.87777367213133,94.83985567842309,102.43032781125476
2019-02-12,108.51745560449511,94.95888174849084,95.9622489246348,104.41211179971357,100.5632108318982,108.41114959295857,101.11824348674499,94.35065585294376,102.54917160196639
2019-02-13,108.17715095279883,95.10833519013889,96.61281767340273,106.04167024477744,99.4435589234445,110.67369758489451,99.31981160159256,94.26255139209894,103.17241095164206
2019-02-14,108.51900224055073,94.59765194744999,96.47123202114699,105.60161993178761,98.94075757903656,111.62155716403316,99.70527088328473,93.69423006005479,104.10519740208579
2019-02-15,108.88899850867726,95.37471295535815,97.09542749079183,104.83004763396595,98.46764818768202,112.46875578172552,100.33213173023007,93.72257671142272,104.27279991142524
2019-02-18,110.2666804537812,94.89050574287475,97.64748168552342,104.68228479279023,98.31446377081275,113.6993770707433,101.16829844260984,94.49302766953423,105.61983194904447
2019-02-19,110.34372506622123,95.55170414476746,97.41031636265528,105.05594186930082,98.24274631093914,113.86054928803627,101.78972405837466,93.8121700034493,107.78272094384343
2019-02-20,109.35443415644195,94.50894646993633,98.53139631163222,105.89769613923448,98.87325694635184,114.5958687964004,101.82884721552743,93.06669018065267,107.91389528769693
2019-02-21,108.71129729595891,95.43148133636898,98.44378553425841,105.1274351115907,98.62275208062876,115.10141280288417,101.33853453866375,92.3926178829937,108.2167619741546
2019-02-22,109.01771982475854,95.02294172698669,98.05561193093479,105.41088961436638,97.33112991061196,113.63758524854536,100.70325060755465,92.25257505528906,108.58942980862444
2019-02-25,110.60344557590322,95.84405810769124,97.95650066341786,105.44465957728065,96.46168311859084,113.67453111706551,100.47917695560444,92.58059849192797,107.79782409887233
2019-02-26,111.20313850469327,97.29090367236245,97.90482394632383,105.89860508338067,97.14134774916754,113.30102308048133,100.7425231819687,92.6379224186895,107.95132445494761
2019-02-27,110.44905230170102,97.36210768014658,98.41581021685184,107.41438361163355,98.07488979599454,115.68764684422436,100.06472569414046,93.45137452126792,108.19258625362222
2019-02-28,112.81463147194006,96.66964033017126,97.68683868879423,106.86115452854858,96.1743259677394,115.17191690284585,99.39920385663511,93.63107536326388,108.59682111646589
2019-03-01,114.88988987574984,97.59049066916751,97.20436436604223,106.01081846544193,96.6707272515479,113.80095464461968,101.18492292722196,94.72775036274369,108.17051691747415
2019-03-04,113.1016068781579,98.89641096788637,97.14777875999914,107.31167112061098,95.27283418335163,113.21485089687282,101.24054421200128,94.81720845774454,107.76534409215989
2019-03-05,113.82611413012931,97.9527170972029,97.0656886479867,107.48745053307967,95.78496243204661,114.03569089159527,100.220468299691,93.49938888195787,109.1288216702238
2019-03-06,114.24120443168353,97.31103069574002,98.54812034792357,107.65881692515808,96.9067344328825,114.16553619840553,102.24221752726224,95.1106843825206,108.92684874487722
2019-03-07,115.3524846048625,97.95523417480369,99.88078381731793,106.73503494353984,97.58576108334965,115.37072492609323,100.60743422023559,94.1002374679931,106.90147454427861
2019-03-08,115.11675437636993,98.67096384473949,101.35946449067399,106.86320774332683,99.14868207534457,113.93292583850206,99.05058731372354,94.09789662022018,107.34379155635023
2019-03-11,115.13875110716411,96.81047735779062,101.32479481952971,105.60687845992412,99.82796689278604,114.38545545382584,98.22391048907267,93.68893641953761,106.32793682586332
2019-03-12,115.12812868885413,97.73702682823851,100.4356186625376,106.16413054813987,99.37871042772514,113.58846824044011,98.17369733309837,92.82332798071776,105.82603511851542
2019-03-13,113.88928456921934,99.61824989416445,100.51933742140709,105.517257042317,99.62965188970833,113.52471753650026,98.01792450861883,93.41027194003138,106.63953792636069
2019-03-14,113.37648696755538,99.12725301521712,100.30856918877498,103.29855657606157,98.26251484910104,115.05799857548548,99.60315581406516,93.23732718116871,107.27571479473508
2019-03-15,113.76729171391071,102.10453054429607,101.42606561131919,103.22537403680363,97.42799689121408,113.38134207003887,99.84474201294374,92.61964840793713,105.89661200627386
2019-03-18,113.13089621042079,101.11691582176212,103.10749712579272,104.14096436103328,97.46937999835275,115.03552611665961,99.96773274890229,91.9148802631675,107.48544353678481
2019-03-19,113.76532148400118,100.18078210040433,102.97369568913237,103.33453038717208,96.25222098693861,116.10472187405574,101.83865556961595,90.75356107245936,108.11278510146893
2019-03-20,113.1245867224884,99.77059220664741,102.45011298557452,102.54560718218701,96.3445216483748,115.25428002407038,102.15030729738342,90.75585666616554,107.92290632428536
2019-03-21,112.21470871356998,99.27795037860253,103.23559988467134,103.08365780449556,95.50642336158937,115.42020438990237,102.92960114382143,89.38014896446275,108.53268947798433
2019-03-22,111.57007537660333,99.86458781166112,102.54499035438043,101.3912035564609,94.09591882737932,115.53040939982715,103.23411988747063,88.6639713399471,109.24417829828099
2019-03-25,109.88704596320791,99.85216588826579,101.42895524410119,100.81902371717825,94.18515231339035,114.65225045793707,102.91112062203176,89.55582685043338,108.70463449665301
2019-03-26,110.81360233717899,98.84134853536432,101.9889816073798,102.25284395570075,92.05697741992101,113.84907703992602,103.5255589079868,89.42887315303085,109.14108769301667
2019-03-27,110.2380819199249,98.9717267766331,101.88999718785641,103.43910805193029,92.32470413502523,114.26996135581888,103.17500836134361,89.0623022595481,108.75026829599967
2019-03-28,110.70506914351247,98.62810798207677,102.22046347401472,105.54039871218987,93.1343534015118,113.97545271676408,104.40494720590988,88.76391460821209,106.72929446184052
2019-03-29,109.71039378022272,96.948408873883,101.93245593245841,105.611560860453,94.66874983010639,114.38526537442857,104.24112821035708,89.50704582367655,104.57477916763361
2019-04-01,110.00991063469941,97.7059991696158,100.56849829580364,106.81253654100156,95.01952957108067,113.99426835441461,104.91872287673809,91.4939982471873,104.80703318662343
2019-04-02,110.32338566301239,97.33147380198767,99.81403412578216,107.70771749851902,94.30113381940018,114.12843156219772,104.49848189127191,91.9549985459904,105.19057349618404
2019-04-03,111.46601580403458,96.91198608532787,99.60961713319941,106.76955188424209,93.95303562479332,114.59332556787878,105.3012630697314,91.20280633913028,106.11152825356065
2019-04-04,112.95949771591263,97.33998003418584,101.44256446690778,106.04474953931661,92.90097630143222,112.7397691397701,106.85381699184941,91.81437191038614,106.10885154218828
2019-04-05,113.3153661072912,96.35843413173775,103.86614002464624,106.22741238528211,93.04356632565015,113.57235069772713,107.39426842671915,92.05482719477943,105.37192000799568
2019-04-08,113.87823223689392,98.13640389128395,105.24763262312567,107.89261150037588,92.64150917892744,112.57157013066728,107.32034490718168,92.14937468363577,106.52027312796248
2019-04-09,112.12759363037561,99.61485293850834,105.14316998970095,107.51202991758666,91.80564765798371,110.88041437252024,108.21245495435339,92.25935508462919,105.28240806264697
2019-04-10,110.81920698933132,99.34895118650337,106.86792392176277,107.30227372957192,90.5561817769997,110.6785682471322,107.98793141941327,89.98297668016255,105.28103537163192
2019-04-11,110.63295179405388,100.05469074941023,108.80580731418854,108.5048506845765,90.37156684774891,109.58215389367334,110.70128408277817,90.0783697158415,105.34755392490709
2019-04-12,110.6630524048923,100.29227459678066,108.71183125228951,107.9722535236413,89.95075560287458,109.60303245383538,110.18938397134232,89.5184103652313,105.5062921685412
2019-04-15,110.4519641074783,101.77862046398873,106.07552296358871,109.14617649929623,91.06165084503701,107.53037290820929,109.88808782334192,89.24938414078106,104.16444550686485
2019-04-16,109.6979890354474,100.76651536564403,107.90041523350887,110.17052386154977,92.2084546357509,108.32029216245442,108.77634875668616,88.85255136448744,104.69957012612296
2019-04-17,108.49271341840621,101.49842828807027,107.70950762105302,109.83592470240748,92.87641750925182,108.83036658125995,108.46018188332923,89.8761765177325,103.6873295251431
2019-04-18,109.1805635192691,102.11989800793555,107.44863507178297,110.2300258011638,91.83080918710365,109.839656559511,108.32499889333498,89.4780763491907,104.77258344458991
2019-04-19,108.5105751903576,100.82021542033266,105.932718024244,110.91848718260904,90.7718243779397,111.73197033314987,106.26793288134459,90.96944166226642,105.03420478359126
2019-04-22,108.46567705355892,100.35258993701063,106.38617547713713,110.93450335876386,91.76896385596682,111.90857362350401,106.47218653802307,90.70276409168765,105.03020457257605
2019-04-23,108.83600802154845,98.79335165669869,105.09203435691947,111.77223145110283,91.96321707845264,111.77006298078828,106.54399261657753,91.04666435209924,104.54814905627367
2019-04-24,108.092565431567,99.0258448624712,104.17703693641722,112.26035578565596,90.54081829165645,112.9187302443631,107.0743660137136,91.31284098338978,105.57623291051601
2019-04-25,109.86201855512145,100.02956291595639,102.43178897874627,110.96667299718473,90.05285711894469,113.0030597564797,107.65320766146793,90.73414882590505,105.81561082264406
2019-04-26,109.13520253750552,99.50296784964901,101.12985717989392,110.05785463748745,88.95446239143378,112.02182970037894,108.78473264923538,89.9687882568606,108.5348946926565
2019-04-29,109.69995091613657,99.72675624900802,100.36310774781919,110.84396427972838,88.51617592063175,112.2071419408383,111.5041181996824,89.9321171907408,109.77483830985351
2019-04-30,109.02797788858942,99.743650379169,102.10760214616974,110.24434310457514,90.09019572206407,113.01655042290828,110.96853728838462,90.51637954233097,110.8437020379452
2019-05-01,109.72531199939004,98.3238054676812,101.45916271702957,110.04180862998909,90.07187956320074,113.73817222255332,111.2106143345815,89.426137531828,111.29826295473258
2019-05-02,110.41539504838653,98.8947043771831,102.55187803328873,110.96781404733021,90.50877952255314,113.71963399583697,109.53358606832904,89.83480791382753,111.57266865908466
2019-05-03,110.75446795553314,97.75765930955629,101.56040793861403,112.13366024472091,90.52020597506599,114.51154465676063,109.61769451799344,89.90501150580641,112.62256148596958
2019-05-06,110.27084717577236,97.8954240981717,101.16832185035403,111.73007874817213,90.30128532459464,114.80954344181666,109.17750659736218,91.02365932588137,111.730399220227
2019-05-07,110.13135782777788,97.53826279385953,102.61235437450915,111.99376716452409,91.23163470497467,113.26581318276779,109.50809203376141,91.83795691486458,111.87322720407857
2019-05-08,111.30138016737949,97.11121066956623,104.03999786478524,114.51041331880272,90.96485349356178,112.84642033762722,111.07788687733861,93.26559097855305,111.37754846651575
2019-05-09,110.91579018455381,96.90142350477018,102.77802410135656,113.57748825770872,90.15090317450941,112.08671100714909,111.09702264899664,93.51897540646125,113.0778613494595
2019-05-10,109.92933029146232,97.85582105571181,102.62171446643767,113.58119229309274,90.77295719667589,110.95936478208017,111.55495393660209,93.71302497209332,113.66208126075136
2019-05-13,110.28523932136225,100.20274537648429,102.05618305333132,113.06925218307909,90.28517649220727,110.43369391976118,110.94056280374802,94.81923949422449,115.25560919240307
2019-05-14,109.74692668961978,99.46746107949153,102.5630707976203,112.53704596172844,90.87218257064133,110.70098395349635,109.41764348882236,96.26404519429434,117.28675098283676
2019-05-15,109.16786460997807,99.15329936962597,102.89191910723609,112.94972232076796,91.48514327309557,112.88023344485461,109.28948176892985,95.5884203509728,115.82592967323994
2019-05-16,108.47070105879526,99.17184074020375,104.70387065205668,112.45485108888833,91.7246530634144,112.91916331733547,110.57891387784997,97.94723876587831,115.30401160227275
2019-05-17,108.02420605672177,100.205242072877,105.43338746982008,114.49161186246242,92.2782796671161,112.5927360695473,111.25341112323022,99.02825543681263,116.25953321839356
2019-05-20,108.59752543729175,101.27095340662724,106.65807530868585,116.05471214503741,92.89209241447278,112.47130081891548,111.46346804782748,100.2137751760599,115.4232412114163
2019-05-21,109.03100120700753,100.94571825821994,106.74040583065563,117.52392982656264,93.10652235359625,112.57693666878572,110.09542212798713,100.97339733293165,116.18746717739035
2019-05-22,111.33827530840723,100.70291014064891,107.01516451933335,117.86011147818445,94.5519833647543,112.53186334349114,110.44127914357473,101.60585602274583,116.45073097369564
2019-05-23,110.92504369444151,100.93822302292106,108.16041134067989,116.78081098760529,94.71820469006819,111.84577253630721,111.75132591974237,100.20403007070794,115.89527231230572
2019-05-24,111.37679566604149,102.49371586696331,108.14729427168916,116.22786584371137,96.46511887850374,110.38104730255272,109.50818935726278,100.67184359770864,115.4044588926867
2019-05-27,110.36237452316135,103.23364603331629,108.45093231920566,115.66783394072164,95.35280420110588,111.35044532023544,110.23816468297363,100.62784715279017,117.49456431775174
2019-05-28,109.30672428526789,101.80711253782746,107.7980875157482,115.67584452024052,95.62010323518881,111.15247712560254,110.66081137212358,99.4945724118102,119.16801219890327
2019-05-29,109.27653185339044,102.93908676816959,108.20183952244193,116.23427282779694,96.18437068520947,111.67952376697667,111.39059838134709,100.80242419903706,119.44921656806773
2019-05-30,110.06610224147487,102.90327816209968,109.73915109622195,115.55151424554946,97.88410385669026,111.69298676699167,109.94974248132282,100.97499156192595,118.7423454917232
2019-05-31,110.99936156999341,102.32180349266817,109.3321130859703,113.56347817380244,97.51539589313096,109.21849432992165,108.37060709263106,101.75399851577896,119.68713088629661
2019-06-03,111.50223613843573,101.44184893542617,109.33748908475127,113.61640645209255,96.50209854140101,110.83650523030198,109.32741578679395,101.59255001329619,119.77741467893452
2019-06-04,111.77787892370101,99.55329573798667,109.13697254521031,112.94305723521789,95.64087918253502,110.59778276294536,111.25598700447776,102.26071705185569,119.19228251623879
2019-06-05,112.4404869673342,100.92884890732834,110.14973740336744,113.06323087324111,95.10555282894163,111.3855528261181,111.72626562325907,103.18096439683815,119.96977282495962
2019-06-06,113.61794017690453,100.46991253921193,111.58525227019733,113.33118447247573,97.03742504199401,110.71788826579609,113.63086165366036,103.42580168045028,119.29322004693843
2019-06-07,113.15619563842489,100.21634583373226,112.08941315718492,113.94942381628073,96.56108118707508,110.7477718157654,116.01247066449297,105.1805305371638,119.84597390241527
2019-06-10,113.25344979544856,100.38025221723844,112.79748971193304,112.90990704157475,96.3747072333406,109.06986630571089,116.50917147159186,105.87865127575023,119.35970734656117
2019-06-11,115.0079208107887,99.27394004742571,111.3030924256257,113.20621739312897,97.38166446155802,110.8746488157933,116.06309275098432,107.01684102802848,119.3759567898994
2019-06-12,114.87790031673516,100.15639372798253,112.04727879455127,111.58823044871423,98.79924252021088,112.38617265073461,115.43677002066384,107.47155487189157,119.9945062204656
2019-06-13,115.21880393096524,99.6867736471969,111.39413411065256,111.61708383410046,99.95011240605338,113.02143030176815,115.0907512066072,108.3122299390424,116.86620839335326
2019-06-14,116.53454807839987,98.11048647375829,111.06881065149679,110.49764772123297,98.78419235305705,114.32510998059533,114.64055183362147,108.72178935091472,116.87282814036078
2019-06-17,117.11957145651391,98.23083373732459,109.7853162146972,111.59855141663566,98.37355661522399,112.71222794521884,114.23483538449078,110.32969111631634,117.87447004035066
2019-06-18,116.79274318378833,97.95615495607686,109.50690673359472,113.86704475113973,98.77860030160613,113.22776694587213,115.4100631566124,110.63421735718251,117.64510722891866
2019-06-19,116.63455750010439,97.93886053050166,109.52314594198353,114.70997043771969,98.87652284017481,114.07136083000864,115.37974891594077,110.77182481540426,115.50239955068926
2019-06-20,117.70765956587891,98.30918096507789,110.61616265313103,111.6690856698025,100.89749633868614,113.97797485961966,116.65258937506886,109.74354842155567,116.2312189770704
2019-06-21,116.60011354546928,97.78032271220964,112.69128747382278,111.52381174032482,101.15557328362668,114.97636598003231,117.2588576690523,109.95460413919223,116.69107188838011
2019-06-24,119.33807007928705,97.77597681993934,112.9620948005816,112.69283883460271,102.2689286905091,116.33139553724088,118.027704749321,108.82784279570518,118.56537648749479
2019-06-25,118.11142334202262,98.1050209709936,112.21594343466906,112.68088834661387,102.63842879162783,116.74353454514166,118.55845846436621,110.55524468972581,119.13413046133823
2019-06-26,117.89818124673204,99.0523318378456,113.54105856808756,111.43706847374229,103.2710734577355,117.57835660335083,118.28470213797016,112.05777152385346,119.02482836489054
2019-06-27,118.09719444218065,98.9399341133186,113.61456705307742,110.34382770836157,101.92631094453239,119.42297855914512,117.40052931116576,111.06846115054792,116.68575760981082
2019-06-28,117.44502433950126,97.75955236167052,115.44881990309214,111.45746875276569,101.31633996009717,122.05297239933644,118.55396145689502,110.78345169709252,114.01925355728213
2019-07-01,120.07514062425906,96.53259186266529,113.724602397724,112.59591704299814,103.73101912971686,123.72177555955336,119.24696374711792,111.46351420931812,114.99990980236707
2019-07-02,120.99980327867281,96.83782770685053,113.89356422899752,112.58562067742758,103.04614509294696,123.45579650491175,117.41324611547755,111.41568186836743,113.98764167002442
2019-07-03,119.80446805432514,97.05108991436249,115.45923805799944,113.62360567836602,101.5790245640076,122.36789770582936,118.52088409179773,110.44133280754001,113.80283714545203
2019-07-04,120.48900268309775,96.21521882026656,115.63206022413661,112.2564431624165,101.05396414024838,122.79959495415815,116.80861265776181,110.9574228948578,113.83862696368222
2019-07-05,121.1802400057069,96.4672270544492,117.19077598365268,112.44555910086711,100.69510326657087,123.00307069622957,117.46853259492997,111.06418022810267,113.93925414890849
2019-07-08,120.43929211776445,95.91280617654527,115.70568824974774,114.37712832260564,99.56829282624945,122.26147406982571,116.73217163729296,112.06336553147203,113.67897139962592
2019-07-09,121.92863084717143,95.35202997344547,116.06913951029524,113.53462358205975,101.65792725113303,120.95761937052877,117.13296118703451,112.79286726577496,114.18140658614828
2019-07-10,121.77621739087081,95.28276374791483,116.17527281859901,113.4337318024005,102.63934352008317,123.5724606771029,116.57582361115028,111.39803431749193,114.1432550257053
2019-07-11,124.84351071233284,94.60921867944366,118.04763403819088,115.30393882631714,102.1549120903412,124.30075778074794,118.44264198752965,111.05518741230165,113.98087018844353
2019-07-12,124.22130227563608,93.75325371381884,117.38429501748733,114.03511642659208,102.23892393103841,123.4613969276008,118.76394632504899,109.48914694672726,114.39497501238016
2019-07-15,125.26616319033693,92.0495794993759,117.85883886290746,115.42336709306275,101.12753392188483,125.4908509653736,119.29473983641945,108.81657796750733,114.39189002155916
2019-07-16,125.99175552864688,92.16178110022743,118.51960538138877,114.48081720701062,101.3401562366112,123.88757596004696,119.22902803181385,107.9450789409777,113.6564248201824
2019-07-17,127.53571654540328,93.16363231255762,119.26336600279133,113.36196032930104,101.08815550485362,125.37850533463906,119.44850377074803,110.39205587924717,114.13666938327066
2019-07-18,127.8312645690107,92.93836748667303,119.47367453338454,113.25537036193668,101.81770016941721,126.5803382879906,118.62395473681218,109.0666545094777,112.22952163737764
2019-07-19,128.51057742887758,92.02043977292398,117.12633591100892,113.72882723866779,104.29679076073437,126.63637961323411,119.62734332343739,109.20560822395764,112.18077754535113
2019-07-22,129.69631407053046,91.81428423308826,117.4813698126925,114.13211317298403,103.69228662250507,127.89297050940019,119.48946687556266,108.48276352401673,112.80731618910413
2019-07-23,128.66420488577683,91.88466728036312,117.52999760987366,115.36689181000577,104.21053287884885,127.92667698211291,120.47658146975849,109.97219107499308,113.46018798711665
2019-07-24,128.74114631117436,90.79811149165216,116.41125484129495,115.09217293967626,103.66389206886694,127.76473321908092,120.60137443492074,110.5792713444448,113.44133804787843
2019-07-25,129.39901617981562,90.8988829924705,114.31557402516009,114.13220003796454,103.57462414294119,126.37580029989151,121.34763883757714,112.24644854024326,114.81269655542134
2019-07-26,129.20288664392135,92.23445421858432,114.53352703145457,113.82614755751965,103.02753151305532,126.07814841011067,120.96382674245432,112.48357030254692,115.04453985248584
2019-07-29,129.27122489506843,92.66236734519863,115.88729713870514,114.90948208810126,101.64285849756132,123.1335641684919,122.0975165802426,111.09563195670027,114.85787827890512
2019-07-30,127.91374721498127,91.14351149985865,116.53999097778716,115.79461345828881,101.1412212633623,120.21557692288118,121.52968048875341,111.56346027143589,113.3206172867319
2019-07-31,128.1996449887273,91.1759037819214,117.2382600088248,115.9835042700733,100.2656469512466,121.64331844848077,121.40845878112327,111.59046148889745,112.38186364038312
2019-08-01,127.72763582486586,90.4620159610652,117.10536531622695,117.93364092857344,99.02376640385022,119.86264009180351,123.16954317909892,111.42566120895493,111.72946137797636
2019-08-02,129.05340712455353,89.9908069853742,119.2030400133888,118.7508853700285,98.61758144878003,122.39225204621573,122.52784840170938,112.26585850526327,112.10192194671511
2019-08-05,130.71594712851535,91.37413160815115,119.29872820359253,117.96745353565052,99.09667459988975,121.67180044763575,124.94367794087573,112.4670098316205,111.77148904044574
2019-08-06,131.00974257984163,90.26350875141347,118.26759117137422,119.37282923053046,98.53273394334006,120.53436277530645,125.64166806911683,113.79103998600633,112.58967113474327
2019-08-07,132.31473720439365,89.66515446126537,116.74766903050977,121.13890758751596,98.28189011303952,120.3091561811507,127.29206952931047,114.447896085924,113.13227568946589
2019-08-08,135.11696442818103,89.16615598021235,117.83462942817029,121.26480277840858,98.58092040520063,122.12039475740437,127.968328918716,115.08903926403772,114.34177129659118
2019-08-09,134.71916162026793,88.5061255024255,116.7353815432163,119.09199763896845,100.56528001028609,120.91442466124937,127.76493787165329,114.84580969291507,114.73173652683084
2019-08-12,135.82948597326555,89.27330210107878,116.15205052461054,118.96354862033525,100.88459083725392,120.69095059355124,129.785117540009,115.43755341171678,115.58897963817793
2019-08-13,136.75130151349782,90.3138440357579,116.40908779841375,117.57344733209396,101.31696749138163,120.01040013223997,129.20304803872486,116.13697806355867,117.00788141583442
2019-08-14,136.84719744245245,90.62308282569188,118.355762545181,117.90015541000204,103.89050306493675,120.71374158056709,127.13474884298992,117.02513596752051,117.48878747184861
2019-08-15,138.59444051549184,91.2469825336112,118.26013588241267,116.60236943342677,103.7373688031091,119.80738255651302,126.50250464007888,117.73664311725878,119.41705353171021
2019-08-16,139.1818386124144,90.26681458117345,118.8173974912735,117.98726553914972,103.19294603847946,119.71560415562091,126.5833390402945,116.92511653573807,120.21089901257464
2019-08-19,139.09239396114214,90.67068531607951,117.8840868566198,117.55932585797797,103.9516992115207,119.3542572508179,128.73025549960317,116.5426724746542,120.52663466506297
2019-08-20,140.39369344870147,89.50833984499225,115.99693258646975,115.93468937964376,105.25191413823136,118.79287770114229,131.94588594402202,115.98093853366089,120.79738150376065
2019-08-21,142.52567251966315,91.26684695601898,118.33778565587374,117.3246639721283,106.32847679570725,119.5195918564769,132.9863783308311,115.4361587612583,119.92701581702407
2019-08-22,142.59240645405384,91.16577076475815,117.8910063765172,118.15829877300096,107.34628593935153,119.67930093341958,134.9235135216211,114.25464564394174,119.76762970107822
2019-08-23,141.7006766087234,89.61676329677182,117.85785312703891,118.08147291436215,108.946908099985,120.45500530317645,133.69089686831214,116.33212178594796,121.21806701088747
2019-08-26,142.55348005260706,89.46990567283514,116.85261211413298,117.72575521580649,110.1285576583243,122.68056564553345,135.7225429138654,115.85391293482876,120.0023996833909
2019-08-27,142.81477026976356,88.03127402133377,117.26860385654219,117.62047151811406,109.69949440154434,120.90624642886311,136.4510225461782,115.32987223049432,118.74247410361436
2019-08-28,139.06036938594798,88.05240481856012,119.30858244546532,119.54113307035514,109.2813341951332,120.28032417225903,137.1253185174925,114.30412057976231,119.14112684880136
2019-08-29,140.14070157745914,89.1237252573464,119.25533890724782,119.37096365289148,108.43267235326226,119.40388860772858,136.9006139634458,114.75895653326656,120.23417429628833
2019-08-30,139.15071154515093,90.43489114962033,119.00970236325131,119.40655320826616,107.72362962279523,116.75816747034258,138.1180370980743,115.61855096665545,119.97495325177916
2019-09-02,139.30845903523272,90.92230261056163,117.3241188970148,118.87054050805537,108.58942837281202,115.44023267361938,138.57095744846822,114.20304101058541,120.56515921505344
2019-09-03,139.3311987686365,89.59000506992363,118.681816850821,118.1073277271427,107.81511826034252,115.71706661227547,140.15320214601198,113.16866445948052,120.69578026323586
2019-09-04,139.96687100962023,90.22377701388521,118.93930489692247,117.75729461330641,107.02879385441524,115.86921683142515,138.80989899325328,110.14251788270776,121.25530353594786
2019-09-05,141.23810306025575,88.27574512854848,117.8688141785732,118.50748686015373,109.18453195096201,115.94994577317411,137.92725144616108,110.00732290012152,122.90228766002491
2019-09-06,140.44884818036215,87.65544470335105,117.39106113477345,117.50348940513359,109.36583315492136,117.80260261287509,138.41815258847836,109.8002075067568,122.62516618110782
2019-09-09,138.45876945442762,88.43416095758478,117.36341968934703,117.36193897782314,112.77227958342412,118.19470583756593,137.50708419568747,109.41343824599008,124.02511246921013
2019-09-10,138.67636272049367,87.28406212234695,118.44647477417676,116.68165011695537,114.84364110649463,119.46683590535592,136.99557726758525,110.80126433155822,124.16672752933981
2019-09-11,139.8682413752418,87.72861915566361,117.56176442843373,116.03226660469106,116.0247784472376,119.14907968371173,136.54230906538945,109.86069181357779,124.72706552712674
2019-09-12,142.69220173700415,86.89156295455405,117.64748083073661,117.64981500597287,115.99548120143477,119.7193185803134,135.2460683592526,110.36137922517139,124.56896859891916
2019-09-13,144.09951654372642,87.91590055415904,120.62201086673106,118.35511584535894,116.41131296727747,119.99940089078235,134.86290448027384,110.77029231574318,124.28387283521968
2019-09-16,144.40126034873043,89.06182651191443,119.53997636938172,119.69662317428048,117.92812026636061,119.92554687004767,132.2519870872899,110.19100185677581,125.87932283365582
2019-09-17,144.44226415956447,88.26893996227761,119.03066762441286,120.7115136337946,118.59821492143685,119.71493934741824,131.86028709745844,109.83876019065953,124.84934067070587
2019-09-18,146.7372741776861,88.04452458935049,120.4677687636021,122.52052899218837,119.78213925089601,119.28731355500146,132.43047910674363,109.86857151038667,123.8496779738528
2019-09-19,147.26131245074313,87.11262040418369,121.88826365249479,122.0448229827507,120.07005529838341,119.66687030484955,132.17296419994562,110.53459869719056,123.35682083529036
2019-09-20,148.55297519836265,86.05472718004611,122.09493869708949,124.363600336114,118.99995608112064,118.96242816054476,132.88277816836847,110.77769780118061,123.82809598403892
2019-09-23,149.31587282538837,86.61569290742338,123.44362894115149,124.90856104866815,118.78836370118806,119.78074393099232,135.3575193387407,110.69428358345492,122.75442865560014
2019-09-24,150.96151592527497,86.56049342592553,120.99567589397284,125.97573892494844,118.248113953999,119.73817434087395,135.85069999429942,110.94917930222957,123.64190616952575
2019-09-25,150.416781362029,87.02469331064631,120.75966406133129,126.92171042778048,118.99717505139414,118.74382168183257,137.32056114910463,110.44391922693669,124.65188880670506
2019-09-26,151.01520428765033,88.5937322187241,120.56520994292774,126.56673387484449,119.03484385281426,118.46335046326655,138.43166294196803,108.8243564866764,123.47869113075652
2019-09-27,149.57392215196174,89.43755527638102,122.59111445214248,126.50511691033653,118.90454643061112,118.60107666836161,140.02983590470265,107.92888204865412,123.81901895476324
2019-09-30,151.03407666532783,89.90697909375108,122.87233909487165,127.7712752916684,115.96377944355511,119.42288919279966,139.23666054876324,106.13105047373989,124.48078733866237
2019-10-01,153.08377764467664,89.83519309501861,124.04566215458036,129.7976048210889,117.47231277774924,121.34856327585273,140.2866072898086,106.25984226584882,122.67201282144688
2019-10-02,152.804643531,89.16680886797305,126.67987329924024,129.64687217479275,117.66797013993934,122.04357335122913,140.41460765131723,108.02948114463942,122.01338451899267
2019-10-03,153.1624516316648,88.58771444580196,125.1721739521353,128.96405369407438,117.68562579747564,121.61029330722482,139.56867388063813,106.65674769678822,121.97858225547694
2019-10-04,151.0756738187345,89.2708528414075,125.33236938687484,127.26367876844311,117.40096532582007,120.80943718855859,140.0602492264216,108.07028242021453,119.89624690672417
2019-10-07,151.3156052646417,89.18045720556552,126.19303155182916,127.58408834797173,116.6280356045408,120.50601016257782,139.08022769855927,109.22927248056793,119.98036877204325
2019-10-08,154.13553612764755,89.17393025424546,125.41383089393786,125.83511100339733,114.71509494192071,118.77500045252738,139.5014581523904,109.810493094168,118.2602007677661
2019-10-09,155.5223789266056,88.81221858848227,125.65071820774043,127.83066521932267,115.74921998344065,118.53325744721954,138.40083534794104,107.65410389701304,117.51804872278149
2019-10-10,155.29004773206006,88.03163755221894,125.55773820496402,127.98750502209515,115.5613161463311,117.86638208903572,138.69089997666927,108.1586674768808,116.37161231780526
2019-10-11,157.45295288305562,87.99365391006634,125.6429093129459,128.91130882555106,115.87418033104366,118.99219733258306,139.13723999358044,107.58834274468254,116.82820382595874
2019-10-14,155.83838941192062,88.12801647226065,125.666281834456,128.72239643862332,115.7914102362156,116.95346495573149,138.4869117416675,107.73662646081448,117.06332331246969
2019-10-15,154.40961170550503,89.23294455233555,124.7042898489273,129.971946298225,116.31790373691456,116.2996262844012,140.90007233047018,106.58159020008723,118.14352558332715
2019-10-16,155.95437582992213,88.71362982711082,126.41912982099457,129.73007062517001,116.69397274041702,116.64436102349751,140.791747983315,107.4550064226489,119.09219815075814
2019-10-17,153.47557405690995,89.85869638965546,124.51095961648551,131.0675129575114,118.00196222137431,115.50582857161938,140.31641840061263,106.3913512106562,118.910029752075
2019-10-18,153.10604368655686,90.56841174027943,126.12519124000123,132.87389611525916,117.43550212335283,115.33535690224,138.17113258266056,105.63708904388398,120.05910289201887
2019-10-21,155.53901493699453,89.56297377395967,125.4838084493888,132.9071837401411,117.80568606942079,114.51364628681799,138.79527535826796,105.21776665915708,120.10274496760172
2019-10-22,156.42215921152666,89.613204447597,125.02994577744353,132.83600239724038,117.76623348791588,114.1710453625271,138.52552647888146,106.87265297202832,120.80138795119335
2019-10-23,156.06404602615615,90.25042264914785,124.6985191284947,134.3838542192136,118.23738936292234,114.11238679932565,139.1823776646849,105.35067865060577,119.58182000104802
2019-10-24,154.390474733897,90.41760242935956,126.82012007823428,137.31589756896457,119.01188880284846,114.71104880278857,136.90219239187806,104.864264693948,118.75433725688534
2019-10-25,153.56416384118995,90.31920843864604,126.31879977668157,134.83899916221998,119.91587816602886,113.61094841345914,137.28065638518981,106.9931737565008,117.78602120690222
2019-10-28,150.0111336109744,90.12050056378628,127.70360069512033,137.4260716813042,118.59001945866339,114.2025064667335,136.74674610626968,106.93957099933957,120.82658003391313
2019-10-29,147.9697381225552,90.38201372637755,128.33335882257217,138.9127208580869,118.75923209305171,114.5926938802188,136.3097562584176,107.26548487167764,120.49562346776044
2019-10-30,148.91580557866192,90.11195079038899,128.85587194813053,138.94377026514852,120.08962734955358,114.5943411573001,134.1121423780732,108.60646822933518,119.52852749713132
2019-10-31,148.07272996873354,89.65099734144532,130.60555197955415,136.23605727077486,123.7653328199166,115.8014657737237,134.46255285492256,108.60443735620163,119.91141946713715
2019-11-01,148.87807998615656,90.2443543021267,131.35869301304234,136.41961693283045,123.59654883017745,115.69389010101551,134.28226405944673,109.82908522180776,120.64615022426266
2019-11-04,144.87099472333932,90.85081074798656,131.66644333975708,136.46371745369638,123.20522590235757,116.98780416806949,135.55769136012293,109.08445287176174,121.17165365125486
2019-11-05,143.61877047794235,89.7189989873077,130.95449008876528,137.649090668044,124.38202214914627,117.61515462198658,136.55791732430512,109.67262649658063,120.49963624211637
2019-11-06,144.2782383657567,90.44534192542547,131.95714912785735,139.27380292828119,125.27990771772788,118.06540686999605,138.01478217736846,109.6999820035713,119.55945774611625
2019-11-07,144.12814622031956,89.85587907839117,131.1835394384563,139.15330343174168,124.40754519864178,117.78121619799424,135.6350495895803,109.97627264770429,119.6206149737823
2019-11-08,143.09117955138836,90.4625840473784,132.41707654556166,137.12408075105176,123.57592684939154,116.9867980679376,134.50300898114375,110.89706623517206,119.46144792378435
2019-11-11,142.80536453800602,88.8102090095228,133.2811421773096,135.59551824774897,123.70776739040244,117.35248019645368,136.31161965103442,109.58880767543471,116.15923900468653
2019-11-12,143.12520847481315,90.37926225158716,134.91806803774992,135.9323613424771,123.1959952265938,118.31004146958335,135.13096762462317,110.13825138132378,116.7737432107976
2019-11-13,144.63855016922167,92.81341407030116,135.48699706969862,135.34785454021275,123.22782646472463,116.40697459801564,134.31395625811194,109.76800046502244,116.25500228691101
2019-11-14,144.91936598657296,92.14100249798506,136.998286337551,135.41581034033317,123.27862161049592,116.10490534976843,134.57833297087984,110.68247291834894,115.36401345053504
2019-11-15,144.09299284565705,91.92289229528683,135.3347220598067,134.438771133688,122.78650870301544,117.12670997595633,134.98010566589963,110.94058085214141,116.35346772840383
2019-11-18,143.97804654537902,92.3088153405373,135.27040546151383,134.84369605993533,122.17330798772022,114.51567165565176,134.87637030239256,112.49833894282773,117.43495507758234
2019-11-19,145.37011131815382,93.44004324130744,135.45148257343794,135.16290557071935,121.52309562242891,114.23126984211882,135.73128339634067,113.84229292834304,117.33897439979961
2019-11-20,144.82543107320367,93.48724132747007,136.2912832272036,133.39806301728635,118.97429502040701,113.69540561348093,134.241769675721,113.35365500137237,117.23383972092994
2019-11-21,144.27862105805568,94.82655620231516,136.78109916320773,133.84425248715314,119.73569433859214,112.53474635949685,135.63413936322505,113.32918399782761,118.03793036870032
2019-11-22,142.89615815603273,93.4912508780091,137.91122243750866,134.388326080246,118.77882857747078,111.66959724322147,137.15277742268208,112.11866625189603,119.94434182304117
2019-11-25,141.75612246928546,94.1039568490345,137.5524102237825,135.22406593991144,118.22880665070421,111.55371663231475,137.27443784127283,111.11748324055482,120.84732223259395
2019-11-26,141.14090552126575,93.94786764948353,136.33420913285764,132.05537906908808,118.0746136468849,114.18310126019226,138.3651121663498,111.15282494364757,120.60778859833856
2019-11-27,141.24147356343795,94.48204520813005,134.88892459286382,133.5199257569659,118.93492106672292,115.01810244627573,139.0090637684246,111.22903075410649,121.43775237257131
2019-11-28,142.10455961856215,94.21359091285561,134.22689733358814,133.71533502934435,120.7489173390083,113.7361244155163,137.16331931692685,111.45804692010192,121.55692224695672
2019-11-29,142.4086934683899,94.47824434548676,134.0110914601268,135.6788995074085,118.9955628738306,112.9056490974064,137.09809093500806,109.79572396487387,121.41579545552112
2019-12-02,144.73441816672764,94.5441525553083,134.37071194587705,134.1399453531078,118.36370593808184,112.56234361769329,136.7554831113473,111.18905825664824,122.11835118694825
2019-12-03,143.29395842510442,94.81202046809864,135.07230670665388,135.66071405222218,120.20478662315013,111.54359433948689,135.77955521331626,109.93057016375745,121.90955122568671
2019-12-04,143.99878269723933,95.74856429742961,135.04290875570024,135.3189715881678,120.43748500899632,110.72217506853734,138.55632728157957,108.32738856403981,122.18362312368696
2019-12-05,146.85212491431164,95.80260590852858,134.86804695497108,134.9301452951874,120.29250043696587,112.22393953836732,135.7583962297686,109.96340227942147,120.61092759123481
2019-12-06,146.55583759409717,95.46253889286247,135.68800591202387,132.97436250889422,120.87940572756905,114.44842252361826,134.08796287767035,110.21578859841867,119.91878797214508
2019-12-09,147.220395879957,95.52756428712725,134.93547410774136,133.65559520607385,123.0195011567817,114.29929375640415,135.07053145884097,108.93156901510532,118.89934234191935
2019-12-10,147.95298811180106,96.92509032229499,135.45736277047456,133.32745713584293,123.08020219010574,113.01325914748152,135.91221918492374,109.89849220852481,118.45171632688152
2019-12-11,147.37098198384007,97.21749923639993,134.96700096728034,133.31080631344773,125.60935066010235,112.80616320878624,135.52054250174146,109.2827375958074,119.34725745899577
2019-12-12,147.19241657211072,96.67112269581592,136.73099574182638,135.1786556931553,124.96119258484273,110.8894579993159,136.88529926730538,108.63235626312368,120.30234109214517
2019-12-13,144.5499258996342,97.53867657512284,135.24270266267803,136.18337878725558,125.04055161260408,109.94936602697105,136.42802850741543,109.3938204739759,120.48300332901076
2019-12-16,145.42305853715908,99.42708786469728,133.32506818757975,138.34956657305978,125.2265088792079,109.07407515514682,134.79120205291366,109.25311903187018,121.59762848383333
2019-12-17,145.32053858369272,100.90744011847488,131.57512043225154,138.40294800607361,123.81520389044589,109.50423653383797,135.99351867566926,108.87403348237652,118.70126501378431
2019-12-18,145.66679636778102,101.37539953649602,132.14478438712598,140.09858981062897,122.62975045393335,110.26545394721101,137.6033628670965,107.11312134547791,119.11988043529482
2019-12-19,145.04698801770755,101.34799976085422,132.6459311947967,139.52482054857677,121.9102131040342,110.35620776706439,136.26504591546004,106.07277358258116,119.94698563176529
2019-12-20,143.5527641322607,102.0391127461832,133.29363594934804,137.33664435130535,121.19277158279873,111.66425653478898,135.07507208021855,105.661141370645,120.53207786035891
2019-12-23,144.69166158525522,101.84778339569593,132.60947664156194,139.2645416365755,123.2621624052242,112.75823335673752,135.25161980485578,104.90968118346518,119.649778336323
2019-12-24,145.48053544526437,102.30237314561546,134.4446250931838,140.1932008413928,121.58464841476024,113.9415923748403,134.04909421019477,104.58201679660522,119.9929668498084
2019-12-25,148.3240764997356,105.40592392985366,135.2852346748879,140.020722841218,122.26139304036695,114.95876799420176,133.71037541486345,106.42438853025466,120.31425312575917
2019-12-26,149.0978521210424,106.12431941079943,135.89316397049885,141.20569746354016,121.61117004459983,114.41109622166287,132.39377197464137,106.92072397448626,121.26368069625173
2019-12-27,149.81906954925626,107.87074423939822,135.95393846006147,142.17187162232509,120.42332225758065,114.05038458637318,133.3334078053674,107.83593192688168,120.98778951141438
2019-12-30,149.79262142656395,106.38782450384672,135.56382081143826,143.44476085574092,121.14018116999421,114.64852766210207,133.4628462838103,107.89706424647163,120.2953752886625
2019-12-31,150.86043254176457,106.86527825588858,136.26365828955457,142.8049134556677,118.75959255301132,115.901221072714,132.92679264631616,107.07453696825286,121.14678855147952
2020-01-01,150.3778234717676,107.99494460896351,137.12896467910753,143.80217642295173,117.2952371446466,117.2947596745636,133.3219834820756,106.7549326078418,121.37171150136696
2020-01-02,147.94892383534878,108.46698304800762,135.8695432511899,142.0468662905139,115.6778541771192,118.59377489962048,132.59788809740138,108.36749937441137,120.81917237215724
2020-01-03,145.6540207684864,107.38233164055674,137.53418532656067,141.90870781385274,115.13765132561701,118.83262935619628,133.2947113952918,109.57252394426382,122.54545419320098
2020-01-06,145.23230945531185,106.098264237907,137.06642032331771,142.3292972703372,114.15095221756937,117.82162180056453,133.79530295135817,109.57693744889761,122.64474426232775
2020-01-07,144.267250723757,105.92047785956582,135.9425603137071,143.6033452674814,115.33072857000519,115.8419735679334,132.69164662299556,108.09236091956494,121.9547128206868
2020-01-08,144.22564792662467,104.53173859505871,134.83093892959246,142.31863419612444,115.61461708938683,115.97587645718654,131.8557090137632,108.32726270778437,121.38704118754838
2020-01-09,143.92785586397252,106.25091078268372,136.61788329402023,140.65197238129826,116.58290234638349,116.92692706492282,130.4980315772433,109.22320896785563,123.22552571158118
2020-01-10,142.48049621653246,105.3864208201978,138.00692330852655,141.0837869697376,117.25060755865697,117.36250172393163,131.04619208656626,107.91669572266443,124.51328798124462
2020-01-13,144.13591495980603,105.21083131713311,138.0192315134164,139.12688266827635,117.88066978152646,118.05762881212173,131.03470640768836,109.12387820721446,124.18292843883832
2020-01-14,144.9794100734873,104.25411495929336,138.05753068891363,138.96732712291387,118.19098103691692,117.70496345146132,130.9374755339574,110.03397110199136,123.73332857032189
2020-01-15,142.86655405811848,106.04498022925335,139.9414332849141,137.34940961272542,119.02325874775525,117.2054665397307,131.3295277156752,110.39549236822374,123.52131450132642
2020-01-16,141.88333235191323,105.40798015289172,138.80454625591022,136.3422315111724,119.00721844818125,116.47366811664722,132.24475757199482,112.01384259373899,122.90758607901013
2020-01-17,142.2757785526554,105.95981587850105,139.49472735114225,136.50835791174572,119.90524905974517,117.06414670468,130.77255842453744,112.99405549513718,124.0043754205881
2020-01-20,141.32396809490177,106.05081919595776,140.4685549932131,136.30677080019237,121.18769344914888,119.76824006138642,129.8698440258919,111.58488103802442,124.42307662487875
2020-01-21,142.36198807792954,105.87264647208241,142.48200034563317,134.66084757651697,122.04477612735036,119.14410130851803,132.0630345701078,113.76251418415157,123.58676286011855
2020-01-22,141.6954730634562,106.78946352063896,142.03274613010424,134.6703959513415,122.13511023103196,117.06092076275247,132.11180726718882,113.08002475254908,123.07376240718042
2020-01-23,143.71342881869043,105.58184047992604,143.19992120931693,134.3830534441659,121.87359581632222,117.9974249765416,132.6032744345574,113.74823460324606,124.26698491108105
2020-01-24,143.33587739523423,105.02530256789515,141.8099804537929,133.40570961720778,125.38020122335381,119.45311108805153,130.98663809878622,112.39185659603376,124.89652087030379
2020-01-27,144.1510683450282,105.62422651370369,141.53950845905095,133.31430049492297,125.83215315060907,119.60989009041178,128.33254482205874,112.2041614771574,123.95771840036376
2020-01-28,144.46213442196392,108.70043640083713,142.102874723933,132.98640765246446,126.99644659678458,120.21676677144457,128.90741341064498,112.90584952039116,126.45329581264184
2020-01-29,142.99812759065844,109.24261247290453,140.93485837674956,133.75316191905986,125.96175573115175,119.8034828293804,128.61276698368405,114.00871383626492,127.61930029211447
2020-01-30,141.3954554978749,109.3539960215335,140.06307920710265,132.2381247002263,125.76658847193491,119.5145198398048,131.66178492465076,114.5333410067483,126.03181232619431
2020-01-31,140.71323159539733,110.46971984320267,142.92597175773287,130.33631375082177,123.61403629328798,121.707037882746,132.21348238225758,113.65429866753061,126.73345784851018
2020-02-03,137.3206257920012,110.52849382383876,143.44109098375665,131.5453515166298,122.49665023456693,121.86653806662322,131.12793716218926,113.9858733785895,125.72863530328053
2020-02-04,136.86052414330916,109.54810625969635,144.3985369214995,132.68305925571562,122.28650932868683,121.97154877202934,129.40998771610762,113.72040462138825,125.73185537549283
2020-02-05,140.36223897982265,108.4573142564988,146.48342304022296,134.00574889559857,122.67253565295324,124.07735631698611,129.9307518080902,114.19643203224854,125.73161107991804
2020-02-06,142.06548900730084,109.6416520185809,145.69278233023837,132.41182960344588,122.49871089362682,123.20449779428257,129.9177267979775,115.59731679986686,125.25209543599448
2020-02-07,142.0790366035986,109.75664560084346,146.93893500911398,129.69504387787788,121.8593764271701,123.51245506833533,131.46505299180438,115.11880748757979,123.1122712561754
2020-02-10,142.98492731479993,109.15424700393007,145.36906711091893,128.9966414806464,121.70792620790236,122.87010024946193,128.8179824565041,116.15682090623372,124.66662198232852
2020-02-11,143.93985309270545,108.04111757002597,145.16512433920906,129.05320334305785,122.45972520507,123.71034749176361,127.99140701190896,116.30499032230355,125.26907753245806
2020-02-12,146.00658937333574,108.81713730219198,146.32464775769404,129.22005910567725,124.16480903884346,124.25238006845802,127.01772110600528,117.91647884240236,126.1609673235443
2020-02-13,145.46934554640973,108.37940187199042,146.8086654523364,129.85176368023716,124.45871132514621,124.68074257661826,129.13904606238853,119.17603651861306,126.45164056835318
2020-02-14,146.84240396611844,107.38082387592762,147.43541280555536,132.15690071407712,124.26466484208825,123.7479731789763,128.40997042089845,118.0142799990528,125.5802057463766
2020-02-17,146.40239451482563,106.01708470106807,147.53091986022395,133.35511083920588,123.26496128031394,125.60008196880162,129.0957750399787,119.228724778213,124.86444286731009
2020-02-18,147.66311981795718,104.98132235687562,148.8515987629925,133.6386219175648,123.97301586094538,124.27471786889244,128.07255714660215,119.96343421868632,123.81241593032999
2020-02-19,148.3850151934147,103.68570062841098,150.124405619152,132.15732314393676,124.68401686431858,125.0740845845682,127.29574514941413,120.68533433434064,124.17956134536978
2020-02-20,147.70525575528575,102.75363891842116,147.43969600254076,132.66099139911506,122.91544444033269,125.24942591203188,127.04276086904514,121.52304452284561,123.88757880325878
2020-02-21,147.31980735614886,103.5184436286156,147.9812020180625,133.12444005514507,123.52342785797521,123.50694183886198,128.0184904861126,122.28950161712548,122.7644868980752
2020-02-24,147.0539373502994,103.53175499391172,147.86717094338792,133.61185743956773,125.26806763253029,124.83827485868643,126.50418675679285,123.07195775063538,124.37796305984108
2020-02-25,147.66621714344257,104.65687827700798,150.78101397332102,134.97804781414868,125.62631254974299,126.14023400402996,126.74085194321253,123.16132350283438,124.02764277695957
2020-02-26,149.93881409606428,103.90258206447449,153.05664162798723,135.68491935633037,124.03819301831678,126.64250750398887,124.31281375615019,123.95338461534267,125.13199218286832
2020-02-27,149.1764848625634,104.07597541095956,155.9870688329494,135.10558329914375,122.86470494670614,128.49225354306114,126.70300270455972,124.01970759824705,126.39684803679687
2020-02-28,151.1550034349454,103.40003997587539,155.3510512213437,136.75448559479005,124.89903345321056,129.2420939689132,125.71687089716607,126.43349615957548,125.82717539871189
2020-03-02,142.15380271833348,109.81110650990414,154.1264557383839,128.77780733346378,128.9375545142349,131.54327666913704,126.91293724532002,125.46071031277694,120.11814486897052
2020-03-03,168.2879788227994,118.66239990840133,158.41584365143052,127.89157573657235,136.79298412574613,136.710173890999,126.59098990370283,119.5585308523303,116.87174414027854
2020-03-04,127.97614429835897,117.84412444880874,149.6782849671722,141.44788540206488,132.9313637753557,122.62490710596718,124.38970510485797,107.02005994654019,120.05020573896992
2020-03-05,127.69592022901048,125.07106916901662,138.86041263059064,139.05011212078605,117.38135599832971,126.57942052966477,126.92199437210493,108.98775167116813,116.91942901390944
2020-03-06,129.23898494148068,137.42745670362865,132.49179190697762,137.51516216492243,105.27935196491154,115.5411944339803,125.37561189936251,117.28190558581682,113.26678897045291
2020-03-09,123.6123254144327,128.9824297094274,123.27205816101565,137.4456083061307,91.2872708470574,124.6271544179846,115.16123520472958,121.33105827481168,100.52037396625597
2020-03-10,128.6094085704042,132.7761472919724,124.17942194451193,123.39832099728298,91.30249727539692,110.29572014077718,111.27756660548813,127.03987635214249,104.71039599941383
2020-03-11,126.63890930363242,120.65281864637431,131.54135174962275,121.604418322667,73.66777570963241,115.0507640262336,107.10451175390571,137.06229465531942,93.33592899859462
2020-03-12,97.1594188731595,120.36769647025685,131.8998634011197,103.54580927106186,67.91222787124278,140.22600156926154,104.28966734511873,143.6105694255087,87.28751508902903
2020-03-13,80.89185117168901,116.88044445510522,124.34747513136327,98.0903170658193,66.52187428291303,140.39148543922383,99.72188269786675,127.22912415719065,90.44161532150713
2020-03-16,68.67913014699771,97.22589550998877,130.5432586447196,99.8318342503719,63.901263086083446,122.06620748688324,93.78642979109304,121.8609763819357,77.8849881806379
2020-03-17,63.30661799430422,102.28018071794007,145.7296149692738,96.67915689723904,66.47695592478506,103.00032721379392,95.57825614926595,113.63831194716676,77.4231938456157
2020-03-18,60.990494029153716,110.33051072277014,132.52003374813128,98.90847748638262,63.386498527353595,99.23328537919093,91.8867080015,104.97698329844044,75.05479962789786
2020-03-19,59.6378285102579,111.58519232789943,130.2095393405309,102.69370508023769,66.78331795251675,90.47476624257828,96.77535146212819,93.15965130173579,77.50319676397471
2020-03-20,60.8221176686832,94.52092577741492,129.14609846823788,96.72410186255726,61.149898757222076,98.02875216173513,90.52730752222212,86.65349256041598,76.00907850060959
2020-03-23,63.283968016572466,89.86142919695622,138.27297832935335,98.9433227476692,49.94765717415628,91.33684944069323,84.34320546992971,88.54643997943596,60.3159952501848
2020-03-24,74.50777681190164,90.12631288916603,136.44282228465156,107.11439095375839,57.57027896257517,95.58271896517353,88.79467899633056,88.9078927383913,58.27290041343739
2020-03-25,70.59496162720164,82.84388707422809,124.1279084375884,94.97481360384992,56.231215233844445,82.31236346729067,91.76211373807938,85.24261253458742,58.77336821026299
2020-03-26,66.2193110125212,104.20100671680466,135.66542919652315,83.97672523629994,55.880588500904125,77.13016076217406,81.7941059005891,75.63264458930644,59.43204140325109
2020-03-27,60.84219574250464,109.94669426721548,145.77630599193017,91.45932973007163,51.36274955418345,78.03182493886133,84.9840176916291,71.87519283194982,55.76014982964208
2020-03-30,67.7541889311579,110.49977832503308,150.56236251456093,85.01886270748062,45.3803008066225,73.63352406647762,82.36839307468657,64.6952032342634,54.687701478408215
2020-03-31,58.18859188242169,98.96947406645535,156.11284575529595,88.81789959475373,43.53388459153093,67.11395572131245,74.08440535427569,61.064034805727175,56.98152368557234
2020-04-01,58.70161174981945,100.4064943293566,155.30206633304184,88.66978341425406,42.88610676304942,66.89896545118847,74.82273347677287,60.82586425699679,57.356090380200996
2020-04-02,58.62534424387537,100.76478513891706,153.70379961345532,88.78558665697047,41.711811726675094,66.8143247693926,73.71565842396555,61.55374370157184,57.80786526313023
2020-04-03,58.91388049848886,102.27457401838092,152.40797219775936,90.30884028220927,42.101893918546686,66.69848658918586,74.54819582493401,60.94410809526871,57.3879251022555
2020-04-06,58.60535605467071,101.81553842222584,150.96943839225267,91.40428903387236,42.02004564520965,66.9544891195165,74.18459590067584,59.93460788141364,57.56332921029582
2020-04-07,57.58470426922616,101.80041680428691,149.10459801554535,93.18347475510616,42.404663736095294,67.05494789483681,75.11328434801936,59.486962145159815,57.88863720643316
2020-04-08,57.722382660465435,102.10574109684158,150.98351675094497,93.87759907629139,42.54177490662091,66.04756634672425,74.47219595842913,59.44774399600664,57.96871118936896
2020-04-09,57.137782697047435,104.51150450677005,153.2390694427293,94.46045483917146,42.59203297842781,65.9482272362637,73.84225015634442,59.52103601730072,58.13913024235947
2020-04-10,56.499515153969796,104.89447309602551,153.09094968263003,92.81926290436542,42.26829772588946,65.72384475056889,75.20878416977422,59.864802572715014,57.43878779214799
2020-04-13,56.78797911442278,103.42370366764209,154.74253263030303,92.45319191911112,42.25203690884919,66.58567033259187,74.3367527165663,59.10923680544834,57.15148220924491
2020-04-14,57.376592609771,102.00049918751768,150.7316797771288,92.1059396623223,42.49413319870842,67.37882515498994,74.04914681473855,58.90933619243404,57.80692986776259
2020-04-15,56.39999261110638,101.6775499619891,151.07866141067362,92.54399476798105,42.31107209961235,67.43446508880429,72.36454977474398,58.57334469710571,58.08421364889469
2020-04-16,55.906867242584546,101.78511542457629,151.79382504418473,92.29106794718034,42.40047371925335,66.85721801525017,72.25953151652348,58.94151760449036,58.19952376651181
2020-04-17,55.62568315032903,102.0520038881187,152.89870047615432,90.5658527219331,42.888844418464394,66.67846001059507,72.58692029364106,59.64191778128567,57.4787936588756
2020-04-20,55.28167251840963,101.82503492297982,151.84645397455878,92.10883345214378,42.56430622141919,66.3625266007868,72.76361520829684,58.9977554542748,57.29293069518678
2020-04-21,55.47547802714205,101.556039692747,151.78839551956068,91.69511734423351,41.98051661869982,66.59778434944016,74.01728137322495,59.03752620551107,57.44372588870343
2020-04-22,55.86771703478119,100.39543273310355,154.32714502368538,91.91653704851282,42.65417755911894,66.17116527694742,75.33747360270051,59.50127911468394,57.77357701010509
2020-04-23,56.019398009443734,100.21003574917854,156.16585654727317,92.08455540112023,41.88962392953188,65.50905506896643,75.24290331889408,59.70567205034233,57.77157166860935
2020-04-24,56.69671174208105,98.4286737115346,156.45609131471895,90.56147903334926,42.21251595930567,65.48334447348626,75.5796096117482,59.249900364701126,58.50350238400862
2020-04-27,57.28619031340029,99.02240488417043,156.34288578065312,91.10458048368011,41.952467737101315,66.04788891621153,76.80522426314816,59.88226696536978,58.13061880989533
2020-04-28,57.510909519088074,97.86873063439678,157.2693846888297,91.53907083219721,41.238370805782836,65.35946356284306,76.63832293127277,59.74213557144831,57.49879805076191
2020-04-29,57.75154856869554,98.15062609769579,157.05946479461548,90.93312319293425,41.66987743408701,66.42306562437179,76.327097886045,59.42726490885857,57.795188038272904
2020-04-30,57.58528719541831,98.07045215757736,158.2401088311551,89.35190903495837,42.21329801200756,66.5019410810798,76.0689206291042,59.40687395110097,57.80356841485804
2020-05-01,56.679284414306586,99.51535545478106,158.38108290676703,89.77159254166035,42.61586451309092,65.89628444286062,76.44822150882779,59.286461348722305,58.29706463641775
2020-05-04,55.579163840960696,99.47194109120568,157.56025024724042,90.18409533093893,42.82697197558207,65.48987967737703,75.97347438903708,59.25411817813651,57.83414065802799
2020-05-05,56.0511338207497,99.17509508783226,153.36787843919276,89.91019594008195,42.42996242979204,64.52040396782844,75.12787603777385,59.345072643820316,58.59408458785439
2020-05-06,56.2453681203418,98.6576727411522,154.10702974072223,89.56578234826561,42.173472818453476,63.85237717627271,73.93146010416683,59.15639283204433,58.71100635159136
2020-05-07,56.22214313743484,98.3198056780936,152.81238071087014,90.12708590272202,41.672677173227655,64.35448232146157,73.27125588323857,58.766667692719786,57.93185428730862
2020-05-08,55.9843887947323,99.27972046973062,153.63553268003912,91.0096877678461,41.899733800318444,63.71868752754533,73.07912250649238,58.36419656892554,58.69415482322952
2020-05-11,55.382534958694784,100.17172615421646,155.01482344663688,92.64307865407821,41.758720313310434,64.18109513792653,74.70913004442403,58.053585044253985,57.87788603182559
2020-05-12,54.43459371071538,100.89904579552034,152.3570303765294,92.36389553780442,41.95260465401053,64.32564873775105,75.04758534297828,58.204746465981714,58.61083188077507
2020-05-13,53.97393914145331,100.30579476379356,151.3243740163027,93.13785771784067,42.332219542407785,64.63280646716596,75.92950526921783,57.589223945494716,59.57126404772848
2020-05-14,54.78380240178211,101.05596195180739,153.97066884443495,91.73712211654308,42.14402498194033,64.21739712904241,76.4871449158853,57.04911529434214,60.0291914049688
2020-05-15,55.52564149277208,101.77286251154796,154.46125950847244,90.93023762545717,41.829043919519656,65.0126551837787,77.09102313097092,57.056606346255535,59.82251489113799
2020-05-18,54.5001164197142,100.79864245303337,157.3550205782945,89.88161586086156,41.92495963329919,65.66732049785467,76.22038431882552,57.18486232930341,60.3852314176561
2020-05-19,54.53381376312046,103.61983292997374,154.97096070676167,90.83071228193876,41.877492967997185,66.18112865725301,76.57716293511247,56.81847539500337,60.54630078718215
2020-05-20,53.61159807813976,104.26428755157664,155.4859045880678,91.42621383250922,42.31945038379737,66.44463454682577,76.72274518293224,56.37558815302024,60.170278692295675
2020-05-21,54.24327463409908,105.74187639436106,155.21405273691425,91.51170850168057,41.98023859547104,67.2186371928948,77.24527970392923,57.44793223806596,59.70281358379928
2020-05-22,54.07690369573237,106.0263824745639,156.24322092122753,91.37108376676285,41.65620307782586,67.81470549009083,77.8123297291198,56.98117982662683,60.50263262756291
2020-05-25,54.705514310427695,106.21410729446536,156.43898013756285,91.89663493294114,41.33906605892121,67.86787751101363,76.28389075303062,57.48377661908247,59.646302171217755
2020-05-26,55.515957196908886,105.93626030279918,156.20448742276852,91.39884889184115,41.24732452857517,68.81809359579317,74.54881930334007,58.21068628155507,59.86704436633128
2020-05-27,54.91382915451791,104.91776452508003,158.77790325598426,90.63121444042419,40.820651306006035,69.59643264777932,74.82508782105609,57.72592545870058,60.01971489361585
2020-05-28,54.41134947462216,106.06781278243864,160.45850989169244,91.13351873537293,40.980874760849595,70.79971494586962,74.86228783293282,57.11339779542076,60.305313589284005
2020-05-29,55.52226180845396,105.10817488917586,159.99137406726817,91.53859761625864,40.98049147072611,70.18068130870539,75.69793064680444,58.40847801328927,60.4473952719122
2020-06-01,55.077507012561455,103.63278690280269,160.46206276991774,92.54466341044521,41.18549160600206,70.21418554893329,75.31525697100565,57.83771516909505,60.956539668166485
2020-06-02,55.58290788522391,102.18122802138893,162.97227786337942,93.09456819653548,41.754656381108965,69.36403106459396,74.38668084562242,57.785243874440816,61.27745611379519
2020-06-03,56.562699931462056,102.91668739276778,162.6803104463073,92.24218477171692,42.26390398724724,68.76898468770152,75.5779433810959,57.658995123478704,62.23649723563596
2020-06-04,56.95520341419588,102.83495402870919,161.96482061666052,91.99150950075428,42.45652454365095,68.85355788296859,75.19265069052487,57.59761696562112,62.31387309333329
2020-06-05,55.84893225961247,103.33277408475014,160.55260719546916,91.03994059891242,41.805867271209436,67.73013516605218,74.27286831000613,57.24163833058581,63.50639738811139
2020-06-08,55.59989492778665,103.5582418209974,161.24192113917752,91.19834659784513,41.796178967844156,67.00295644408605,75.33581839652268,58.2566343034682,62.53591407628674
2020-06-09,55.09203502442713,103.33645501005178,159.85894417241292,91.6812321539472,41.53030483038076,68.42201306860315,76.22620676957047,58.40296244635572,63.17730414165993
2020-06-10,55.69859529954505,102.83866646730635,158.7101050561676,91.7948389209254,41.890752298967456,68.54624305501262,75.13632335238546,57.99058312332005,63.1647345074536
2020-06-11,55.68662290589019,104.82582747115441,156.7234746407669,92.2805547077494,42.505602466943486,70.06839113180874,74.88719479168216,58.28963028037278,63.537474182798306
2020-06-12,55.8174800882674,104.78034299996082,157.44914616079342,90.14378151848396,42.801829237924764,70.18706609318434,74.76730733063395,59.45770616562963,63.16512627596771
2020-06-15,55.63310142441756,106.82421118875716,156.29422433203516,89.72127022162249,42.76378421596213,70.78224868727388,74.95172733612719,58.76527255357347,62.879728424430404
2020-06-16,55.342403974812136,106.79967965821602,157.0028767839272,90.12157031508198,42.07315326221846,71.53319029151511,75.168391896052,59.56890297508019,63.17578688456354
2020-06-17,55.94930077119555,107.32518800946966,159.0923364988311,90.61269682489633,42.0552670508042,73.12234751996604,75.84042283220172,59.92267918658805,62.44968332324674
2020-06-18,55.29998153100921,107.67627447788027,159.39092180237398,90.13345740134908,42.1323897123097,74.2653986313095,76.37858600531284,59.309739515993776,62.415117040329605
2020-06-19,54.90840076768192,107.33618741492769,158.84859434816593,89.77244731639763,41.65647764622521,74.21296918753399,76.01305674031896,57.71937153479618,63.66953995416924
2020-06-22,55.50395405625991,107.00870001579166,158.9563021267495,88.82845274954832,42.35048856252479,75.59322137666186,76.16375865139953,58.30945748367399,63.80697898870902
2020-06-23,54.834710368207816,106.64640912641414,159.23417813835857,88.49198122649365,42.28421624773064,75.56573730443272,76.14363656223783,58.36743401163174,63.20230658160586
2020-06-24,54.49169084828459,105.41243352410223,160.79261444803876,86.79208638936902,42.76903169743262,76.60043385848753,75.96450359174197,56.97774563094223,63.018399110571075
2020-06-25,54.48588870119229,104.46283254187546,160.09174696492582,88.10016734496169,43.06011890595288,75.9721200072198,74.8637863270778,56.830362892456044,62.92287412285622
2020-06-26,54.76933115516211,103.98774661650391,160.94783175484932,89.77081471888084,43.414913611879655,75.97558489479677,74.7717149203343,56.66747973465005,63.660594733779405
2020-06-29,54.47287285308583,104.08422067892218,161.10624606898526,89.39086577342042,42.87695204733159,76.24591646462886,74.76600008594451,56.964446332676545,63.37210086793075
2020-06-30,55.132452033344556,103.27709845078313,163.8155862268616,87.97079563303292,43.074993185307406,76.62751816255627,74.24318059599867,57.22194453044649,64.17501947243937
2020-07-01,54.016607187868324,103.82078006919224,160.08135041414607,87.21533860479926,43.76510451917917,76.24554089287781,73.46093781069679,57.14358495671957,65.47405179948566
2020-07-02,53.116295766074884,102.84594604387247,162.44370736450162,88.80419181957208,43.744218966672435,75.39575593839717,74.9677233972378,58.04004475795148,65.9284032806626
2020-07-03,52.736472226000174,102.84972223330584,162.27886840263034,89.12680268719444,44.370291761425726,76.06290506093387,74.24551851599949,58.82929046621342,66.15683262084137
2020-07-06,53.10650632015308,104.33703953844625,160.6636130223501,89.14119605434834,44.17011227680337,74.98182996614014,74.52640711679594,60.27225289084714,65.04901578156802
2020-07-07,53.11686187144821,105.0229592518271,160.93101562876703,89.09049273885992,43.65299643704418,75.184526490718,74.03239539967026,59.067392138881225,65.82034006797903
2020-07-08,53.626873944592134,105.12678901674323,161.36039654379118,90.04449855718774,43.767508950676756,75.86744008689953,73.86150831585891,59.834122748837956,66.05317175526004
2020-07-09,53.752164744138696,103.9246572302117,161.87943489431038,89.38409351895422,43.52609017634915,75.32281165156725,73.15766139540673,61.07809647065632,66.92282046235954
2020-07-10,54.76381730804605,102.78206934576353,162.06947701551516,88.34240616165678,43.26252703122339,74.70952155748486,74.05661181785571,60.88027902871394,67.63565317212299
2020-07-13,55.10487091546622,105.09642428470005,159.89952989730173,89.44454989254423,43.7556033758837,74.06254822605489,74.8021285261048,61.10450335619324,67.52418359442167
2020-07-14,54.70486554290075,104.43692593973249,163.1083303728436,89.48986073956677,44.10221974817659,73.54788463940851,74.29007948641329,61.76330164721335,66.70190496085104
2020-07-15,54.51790902993102,104.52275913585905,163.3617318412603,89.38322802187155,44.28961658538597,74.06799756484767,74.84498406263339,61.221252553088554,66.55631952262176
2020-07-16,55.16444876197213,105.46281852817765,161.33688838689594,89.72543017937892,43.49116392886266,74.13791318957067,76.23733537031102,60.70570308305208,66.06670329188377
2020-07-17,55.59193320415099,103.98850412206409,160.45534510700864,90.27766344837313,43.252902955562156,74.00978717940446,76.81371478835534,60.97847206855192,66.26660562876292
2020-07-20,55.44179324984619,104.40495172127572,160.34801009394016,90.71438341488306,43.071812688380945,73.91917222272691,76.13659123866718,60.98879105871497,65.79361825410366
2020-07-21,54.888669926416156,104.71278515715179,160.75102158712673,91.43363314759932,42.918159360770794,74.24184692764727,76.57215723915864,61.27627956929332,65.31496301158958
2020-07-22,54.99368183439556,105.12625170974789,160.84232678213198,89.6934753281935,43.004790475548816,75.84823373036154,76.35026303969046,60.88660073189186,65.57856994560521
2020-07-23,55.18383132172353,106.37092869764709,159.02140431564288,90.36065328677985,43.26701126001497,75.78430859892498,76.63330483195332,61.51251121716045,66.15441102460385
2020-07-24,54.61832680715587,107.25209371862235,159.00371419026547,90.46811940699362,43.31860097710159,75.71464462791423,77.53987720329235,61.494609968529055,65.49100820686094
2020-07-27,54.44281989304744,107.48707264067912,160.94175825828924,91.030646633881,42.99334445382824,77.55244640416153,77.77299322272881,62.2713119806583,65.42989651618728
2020-07-28,54.745257600192346,108.39726061470914,162.88646227536896,91.99069378069811,43.370817649757306,77.36056429492304,77.39264481275015,62.49857043536815,66.04237086108812
2020-07-29,54.65748856532679,109.54854086724197,165.220235699363,91.24324830461535,43.05070698861454,77.29665841624723,77.65674533901716,62.22065328880614,66.92506984992616
2020-07-30,54.904388861838484,109.64418994598961,163.07517259347205,90.16088700028867,43.18675888901847,75.79251881015992,78.44258362990698,62.158810993340154,69.0422047906372
2020-07-31,56.142946077716246,109.51110434358813,162.99287461326034,91.05858301746763,43.90935562300362,74.66576383400289,77.16818625161957,61.82543820901243,69.4581445059053
2020-08-03,56.4353683866624,110.67902478425525,161.23620630465567,89.13192418610817,44.28893544334907,74.12078204360012,75.74817558109525,61.94120476256194,70.01567458343536
2020-08-04,56.3985094251897,110.25634714554629,161.07411137475034,88.86477999452856,43.750237164418074,73.65874364773094,76.16027425212306,62.16083887245277,70.16202115902638
2020-08-05,55.89860699352634,110.12246222273241,157.87336859490694,89.05929059928515,44.367111809446264,72.67617508913776,75.77765765965468,62.385630480587636,71.0330602262127
2020-08-06,55.69019703779598,109.45920127190108,155.0408564437731,89.1909639002632,45.25414530101596,72.90333652852836,75.79959721165554,62.60707931857685,71.0611373582555
2020-08-07,55.291648310396624,110.36920477652501,155.44965513740192,89.25042320803105,44.86140876330084,73.84375179890226,76.31532952948515,62.31198289086053,71.77289882724139
2020-08-10,55.05982214476265,109.61145815302622,154.41494057819335,87.81313911389273,45.08427827973541,72.61334395863236,75.47233205492246,61.13235610587886,71.75041718077867
2020-08-11,55.00916868280756,109.32826098282082,152.97767031512882,86.88927177746272,45.30518438845644,72.27270106665699,75.73613803449923,60.65344723934215,71.90922438137719
2020-08-12,55.718637421122786,109.99046402866364,152.45889531571518,87.1442569790988,45.22488097582305,72.31423082392051,75.54123727010793,60.58962357501636,72.0895174662632
2020-08-13,55.22569516759964,108.99418353585256,150.54687943329603,85.87937806357563,44.73003317754299,72.45949521600541,74.94411085056187,60.9148416809158,72.14923332211643
2020-08-14,54.23506856438841,109.7256825698294,151.78056918075936,85.11919867674496,44.930443594657845,71.91138315350439,75.05082460278275,60.22144173722393,70.97256512045172
2020-08-17,54.06626577756065,109.6522865304852,151.28691513067085,84.214286003627,44.78337178880481,72.13065791179505,75.05651372630722,60.35555179386739,70.5598582062502
2020-08-18,54.69553788964937,108.49461433192093,152.06151544960292,85.20263797130812,45.00983671008085,72.02876071281963,74.72012062393445,60.97982334718206,69.6522882301478
2020-08-19,54.223550180478156,108.14186894761819,153.9272171267597,85.55169920950853,44.62230681595905,71.8537901060319,74.3247942163413,60.6025013786214,70.33469394834448
2020-08-20,53.55202252170332,109.85326455423137,155.21417069337411,86.48132859392746,44.44975808767271,71.78794426403012,73.36174308906055,60.33296124347477,70.69888413754767
2020-08-21,54.23900015977959,108.76437749814063,154.75639000066872,86.40096916904447,43.88929985658855,72.22630248350764,72.89802325598855,60.25179172275643,70.43281449569923
2020-08-24,53.862885607294174,108.81152958460143,154.51866283715358,86.14097223688873,43.61003288909335,72.48093082990911,74.0830482298871,60.36165909417909,71.13444670434706
2020-08-25,53.18653695622421,109.02835704120398,153.00119443791547,84.98965451298737,43.3280760675334,73.33851353650313,74.78845611850794,60.53067727763959,70.14671961242463
2020-08-26,53.11453511472944,109.39430170693967,153.33182895569516,83.56354210238821,42.98658627792738,73.33077834773586,75.20600006556035,59.31717194670616,70.07437061412409
2020-08-27,53.212977554178686,110.33121427359379,154.416157386431,84.06683247932486,42.68422408934078,72.05656897996371,74.96467603774279,59.91119441532567,71.0386448806601
2020-08-28,53.59824706402436,110.83512868860628,155.0485875544633,83.6680579348946,42.65312058034448,73.23860813063719,74.33713912151723,60.86276637030742,70.85823161020359
2020-08-31,54.30088470561034,109.42622934991162,155.98733377566006,83.12915275019768,42.10756519906679,73.4267028131519,75.08713898498435,60.408972905900136,69.89658367486878
2020-09-01,54.28091371990548,109.39054184478132,156.87604068052258,83.92036226921363,42.1049790026993,74.76280682211896,75.28403633118809,60.241665397922105,68.8746987356812
2020-09-02,54.17344095681458,109.09792501920651,158.38518897937553,84.33005623238682,41.65919068930894,74.92204532169711,75.80115155507873,61.148343237275505,69.48945522118187
2020-09-03,54.59160379176521,109.21447755527245,159.04690753465363,85.37429429674145,41.158416829426855,74.71241571313402,75.28744561857256,61.39850145361726,70.33710890851903
2020-09-04,54.31167523840499,106.82878146612033,158.5078398288027,86.15746129232926,41.38872792791785,75.05283001311923,75.12607543541931,60.6912614098583,70.71576964690246
2020-09-07,53.91215675830158,109.11093902732227,159.44433128480557,85.72889700006692,41.17089291012838,75.02444738361362,74.9937388153527,61.36580826175698,70.87587200777016
2020-09-08,53.567509872547184,111.13305079483536,159.59841614830722,86.3971603290534,40.955426780500446,75.31995796536344,75.25213991894793,60.309962391222186,72.27459073730518
2020-09-09,54.25190836471647,110.77210651315603,158.02374255048684,86.72471939366706,41.0094914989986,75.61131198140984,75.42619111198786,60.62945503008543,73.30643380988651
2020-09-10,54.571198291069024,109.73371784253065,160.15150922124425,88.12368224174789,42.27042531751468,74.85028216670541,75.63730366646281,59.47802092636705,73.72744713867958
2020-09-11,54.31640145042269,111.8022335454398,159.06308369533917,86.77165632591364,42.10365915329897,73.50278346407016,76.21412545708911,58.35783627456438,73.78415788886392
2020-09-14,53.287019108926614,111.52011840997619,161.633162787251,87.11140620555118,41.78240864066108,73.51786445568689,76.26522459713088,58.64835837255,72.87374682429181
2020-09-15,53.61302230512337,108.76079287237954,160.7543608225956,86.75378738004139,42.05422180550249,73.57036329090603,75.29665714013241,58.13409206375228,73.0471992960616
2020-09-16,53.59977529803543,108.22135374982933,160.10567059898557,87.37002371028318,41.869935771104835,73.54591374166702,76.89491222545429,57.385963657455164,71.81601697777417
2020-09-17,54.02511884659288,107.58337487567529,159.70477849903526,86.77087394424615,41.788164998771286,74.7025817652215,77.51869359177176,57.88434593572007,70.89681010370585
2020-09-18,53.467378584665205,104.78800984498338,158.567290126304,87.60262884249427,42.0137880315652,74.58366756032294,77.54112160806899,57.53754134356468,71.06963923389249
2020-09-21,53.88265310657023,103.25179952619195,159.09642279997308,88.42207790121293,41.87024878368917,75.1166732546937,79.67089854225053,57.509587956602694,71.36993005258299
2020-09-22,53.53494442161764,103.48051385195495,159.86978005038134,88.62932417987501,41.48949682799464,75.30092987191261,80.81970702114616,57.78278479983307,72.05765463786608
2020-09-23,53.441898521981614,104.26849074822071,160.3723729618779,87.88046279482556,41.635370038017335,74.63591539429231,80.3780137587591,57.915200180333905,72.29646625416115
2020-09-24,52.87115226323776,105.36478200038401,161.322165491719,87.34086535712254,41.0553532991795,74.57106858301937,80.08006174560953,58.00614491005472,72.08486618274334
2020-09-25,51.90365335660171,105.03135346424138,160.937415263101,87.90933416696299,40.805785377719026,75.80123581108766,78.68587031364436,58.75864669417581,71.96821094308302
2020-09-28,52.35311785924943,105.16315098683071,162.76107892250272,87.63195927237662,40.40456940195764,76.86395953056923,78.64085195664876,58.91123684182964,72.84921927884614
2020-09-29,51.87102935269551,105.80944876506419,161.9373238423912,87.56635775294765,40.45239515999366,75.8199412949294,78.10327513384159,59.69798630561289,73.49853950874495
2020-09-30,51.86626322729306,106.10584397511542,161.56847395935836,88.74041196971947,40.396077985779215,76.02422486140706,78.99313564213163,59.290721077276096,74.62642811195792
2020-10-01,51.14716387503406,107.80626726871361,161.08103911744308,88.58141749262309,39.70089705319902,75.73607745560399,78.25992902723875,58.98074892457473,74.56693974594222
2020-10-02,51.63797356940063,108.0719773404324,161.63082198517782,87.7130258360006,39.39155445343821,77.07284282428381,77.75701041516757,59.94100318454252,74.43308468258498
2020-10-05,51.664915941916526,109.22516244518464,163.6668749497799,87.66505289353942,39.266937795127404,77.07065409673211,78.04472904166747,60.4781913462457,74.47328705004755
2020-10-06,51.99392415174165,110.98471691799465,164.33978576560594,87.9675659657224,38.72674819374163,75.21604131423969,78.37083983415003,60.454246435749326,74.14897602188532
2020-10-07,52.13977080066628,110.97686374061027,166.18351181322248,88.08320236321113,38.47361829967475,75.96105046795184,78.24932643081837,60.78615964699095,73.8521522280316
2020-10-08,51.84651533395268,111.1207068799696,166.2867802888738,88.52772577171187,38.395271103975254,74.69168291585679,77.96896731974542,61.27445316746374,73.68175507964368
2020-10-09,51.751821077039814,112.21733047729651,165.25444470882874,87.29015359784644,38.35621145620908,74.38793259033444,77.29897713682428,61.20358917795456,74.06177215114718
2020-10-12,51.77315919756656,112.59959740180744,168.1945705639903,87.05131459142812,38.47646015070619,74.06789098203156,76.72160691035813,60.89669942861248,73.76435796233804
2020-10-13,51.97529865072975,115.18445731528941,167.14396265225682,86.75265543545223,38.47274902848827,74.38260166421777,76.95137251510495,61.670922122671065,72.12843941109051
2020-10-14,50.84156417714302,114.70334786507898,168.9704766107699,85.5214349109865,37.4134669664336,74.82254205676891,77.16731919654944,61.069407198847216,71.49560194896327
2020-10-15,50.40301504766034,114.88063953848653,168.0574494515188,85.96459371173592,36.435990362105834,74.2563068549804,76.38878033507024,60.952132837063566,71.16861090726857
2020-10-16,50.809833605240925,112.93637321339776,168.21379102716904,86.46254321633472,37.099396462166226,73.95600980514631,76.66165716318693,59.95198232881502,69.61290741503659
2020-10-19,51.24265436597084,112.98691904920585,170.1825414509763,85.39041485599138,37.30074557550775,75.31121965471846,77.00478185955365,60.13893067883842,69.6533536342462
2020-10-20,50.51290477567291,114.50070860233761,169.2876894463376,85.84134569471436,36.77227002214631,74.51379506054975,78.09513971224396,59.97187478295329,70.65175936458357
2020-10-21,50.50082301641318,112.58142229726829,170.8060698637319,85.40689339972894,37.0343558330616,74.56882296604468,77.00318053241439,60.09508983673575,72.16934486836169
2020-10-22,50.76199362961524,112.57652604854007,172.6367815219321,85.61987548054933,37.12631176451581,73.8405182575274,77.21211561707038,60.71629776300983,71.6372596408175
2020-10-23,51.47561178780637,112.53526975647372,171.28027078558833,86.47403396040414,37.044355035495485,74.40955417539445,77.0380551751823,60.71233288020325,72.00813006572889
2020-10-26,51.643113512625696,110.48841551712738,169.55993578170677,87.2804312338514,37.016634993058055,74.07925653286054,76.09345112792795,60.126116974044905,70.68086098181216
2020-10-27,51.619517339108455,109.92034585498511,168.10235850393022,87.26788942540372,37.162738468132304,75.59683487814536,75.05162796093032,60.8188289015715,71.36944055190236
2020-10-28,51.26653035686147,110.18671921384693,167.46072445938103,87.464864891045,37.71532659841414,76.06869827260684,75.45090251633415,60.602332717757065,70.41080678621914
2020-10-29,51.19123214062936,111.50592734587978,165.14410610663498,86.64051191417379,37.77923718404262,75.40192034534749,74.9254413877808,60.39043646059139,69.54283441963281
2020-10-30,50.74756740523706,112.30568890747745,163.1981292945936,85.38488023693361,37.57378103968262,75.96320458535463,74.82355696317052,60.15598129333012,69.60678418724639
2020-11-02,49.94229800563833,112.88832408772413,163.87240394791732,85.09782160335733,37.95159711168633,75.19578930725785,75.66309357845333,60.27399226800318,69.42047921168464
2020-11-03,49.957893014592734,112.83036440903386,165.8557923214579,84.27858299203925,37.69797796089126,75.97371141739256,75.2761408541142,60.81946846735057,70.57952400190504
2020-11-04,49.79347268116479,113.61593390280743,164.13960610795218,84.92422047538392,37.7879714951344,76.35222471922117,74.85576640445316,59.9022567574243,70.9514158611993
2020-11-05,48.856458356029655,113.3323983880689,165.68868816935372,85.12089994442898,38.5093452303504,77.13395152828915,74.43188325201659,59.94768510750688,70.95513302764004
2020-11-06,48.155550774781354,112.38597418797704,164.89550374739827,83.54054834929701,38.54589912179091,76.99111556889365,73.30120344476595,60.20718633787613,71.47245349908331
2020-11-09,48.283104042123355,112.09839231415329,165.90254965150731,84.12128287157869,38.677359650506084,76.43174952969399,73.52979207121619,60.92160964348188,71.10619721927706
2020-11-10,49.27443319522683,111.59879394766692,166.03635712087862,83.63024271313914,38.77842820765316,75.221397522912,73.18796891521183,60.32631287137519,71.23279542058314
2020-11-11,49.764505778414026,112.33825206676242,162.43805168125863,85.30226044777189,38.9062245190755,74.70884594943763,73.33337073115646,60.45705098809907,70.82076113698979
2020-11-12,49.882594348749095,111.75113098277012,161.89951208163663,84.79327418729848,38.402277968936914,74.84928286921766,73.77694817649731,60.782286410478356,71.40727532858739
2020-11-13,50.06072948828546,111.24562242560678,163.27075963005996,83.75441542304512,38.09588363923241,74.2075350545177,74.57101538230434,61.35685609413392,71.77271293924558
2020-11-16,50.595651979460655,110.3803501193457,163.89137142433768,83.69724850128316,38.42116651394464,74.16385699143373,74.33742525591322,61.7021035650922,72.4055809691052
2020-11-17,50.302278528529406,110.37183892505718,162.34156070468737,81.7856373531653,38.513263347808696,74.62910240187658,74.55900520997815,60.60615145526792,72.20203030929683
2020-11-18,49.2834812414783,111.86552475007426,160.7644521994906,82.80298362035292,38.878457775679024,74.03372738265853,73.80208745238018,60.8375431509402,71.66410924624468
2020-11-19,49.35590171322662,111.41201610114729,158.1604301950602,81.11664277437045,38.981309098070156,73.67875857046289,73.45410643396913,61.269513085227445,72.49938225321829
2020-11-20,49.253579348309565,111.1095699244571,158.98912542157458,80.12326947015403,39.0831284146905,74.10102576083999,73.96473164819096,60.188529049524554,72.01568266545986
2020-11-23,48.87095410469116,111.27011056931188,159.79287024543777,81.30511267770683,38.92021927715004,73.79033470368269,74.81001450044172,60.38762352787027,72.91993737414951
2020-11-24,49.02897537866443,110.11518447757788,157.8715198462072,80.16191192417263,39.18404674500785,74.66108017114024,76.16686985886516,60.90107168590732,73.76245650603441
2020-11-25,48.78538685937628,108.97296753206311,159.22432092483191,80.51916257744381,39.24346553087991,74.9723409129281,76.4380344307404,61.67518741131857,74.70793761032968
2020-11-26,49.06143152048193,109.90231580349995,160.07964392453982,80.20914663346467,39.54478437450538,74.02793469466253,77.24164420428534,61.01346150684095,74.94742993404255
2020-11-27,48.695531153500944,110.53375699667703,160.10837067226828,79.04904864926742,39.72215327862989,73.66160350586239,77.9264005222359,61.04474054265188,75.26560899798282
2020-11-30,48.28104724079944,109.97491576964205,159.49573385876118,79.73140962355644,40.3769376946837,73.13986170379765,78.76274112830521,59.835882469711365,74.45830330134298
2020-12-01,47.869544218852376,108.63268135097887,157.20546925996393,80.08319879702182,40.31550051698546,73.439252354791,79.31794616972569,60.01625048539767,74.95999410422024
2020-12-02,47.86202841216683,107.4747850324297,158.86409298528548,79.6784764955432,39.98064528611259,73.35255962320927,78.67607903073733,59.80988932524686,75.24169734504406
2020-12-03,48.04384271087857,106.62015503887086,158.21275739288285,80.53170722984446,40.18870594006365,74.84242636692137,79.59810778143441,60.49033340139235,74.29855015373204
2020-12-04,48.41607011158579,106.61996183181914,157.46991187830915,80.70000048189547,40.569535137734015,75.23505921761785,78.97959467053442,60.946665830857036,73.88920948028552
2020-12-07,48.53956549302552,106.36795584755932,157.22317811961022,81.32706766922429,40.19282560249264,76.66901890018978,77.6709938289335,60.63375324804383,74.18522272488315
2020-12-08,48.83271602750419,106.320164155768,157.2165291079933,81.68400704247667,40.12522186441697,77.72383962458117,78.32861436574562,61.16646838778587,73.54780866342224
2020-12-09,48.82050204644251,106.07175743700208,155.80761073198767,82.0034616911944,39.94185756835664,78.2457887960535,77.57929866119369,62.19922526914233,72.96399536095683
2020-12-10,48.94624038620241,106.92184951130326,155.04725421766696,82.7080166342548,39.500374094504544,79.3664895496311,77.62847608675298,61.880616352307825,72.79440539072047
2020-12-11,49.34646487011582,106.38617197248819,154.03027465678895,82.57634088834124,39.08305104846168,80.7839862703182,77.25274073564754,62.399984445726865,72.97510893170914
2020-12-14,48.913975692860056,106.43338953347059,155.25319521643533,82.47080130896458,39.54592890973807,81.60831606500597,77.96541439363605,62.16061985057192,72.27041570747589
2020-12-15,48.65552163138428,106.68426113639246,156.13398259008946,80.83620009126739,39.56267372657263,81.7711892660688,77.80010466035831,62.955181519289084,72.59530893407707
2020-12-16,49.286265358064675,106.5200261639287,157.60199422494173,82.13586869208002,40.076111322198436,80.972144791223,77.65265670147382,62.78157061539912,72.96817048592365
2020-12-17,49.631756485681585,105.73185464095565,157.78192289115538,80.62334857297519,40.6462072385443,80.6213677199276,77.73251415381999,62.62945246313907,73.7995229898991
2020-12-18,48.342880649011875,105.76813186042824,157.70306848036907,80.31864864283644,41.33529917293129,79.98820987758887,78.34063358280116,62.87206368736864,74.72184639886996
2020-12-21,48.063094699186415,105.09065491579517,159.42456100939515,80.68242258682008,40.75663101281863,79.6214312875436,78.66649929200969,63.40343592305304,74.28093902690077
2020-12-22,46.78101648212112,105.66432797138121,157.67562114594858,79.19860458961948,39.70017462503617,80.27632054177295,78.8015533618084,63.300029929455015,75.29994652583973
2020-12-23,47.087126554756395,107.34414182594448,155.69201277762497,79.2123489013675,39.117857677804196,80.14257458312056,78.6559682572378,63.70778345110357,75.3700486144275
2020-12-24,47.389007184730495,108.11406600964351,158.9742025235754,79.01620308545473,38.79096086538338,80.36931927984959,78.10098561586743,64.63848376426155,75.20620974513105
2020-12-25,47.16000074774524,107.68747924713233,160.13710384692686,78.93797084690293,38.575758866973295,81.68485397833787,77.51043962465556,64.6925485176214,75.70903588473033
2020-12-28,46.46184432668788,108.23138150527278,158.62779038119905,79.59385818577185,38.24557523700693,82.26244217989584,78.3637754247201,65.25390134818929,75.92699122729132
2020-12-29,46.383594744186624,107.69732040994357,160.9285517004675,79.10905336064059,37.89156470641266,82.82266835957269,77.81537134081084,64.70306539406779,74.93577840084095
2020-12-30,46.19551733929805,107.66699888961963,161.3792990839443,79.86329192052844,38.09973160443113,82.71477330952311,77.70862177976463,65.04823775284841,75.88022547257194
2020-12-31,46.27381836578408,107.24439016752262,159.9523226314568,78.81949902233525,38.3595260354522,83.20934049880968,78.172801969018,65.00169824756355,76.9341914738611
